Date,Adj Close,Close,High,Low,Open,Volume,SMA,EMA,RSI,MACD,MACD_Signal,BB_High,BB_Low,Stoch_k,Stoch_d,OBV,Ichimoku_a,Ichimoku_b,Active_Addresses,Transaction_Volume,Supply_Distribution,TVL,Realized_PnL,Token_Utility,Adoption_Rate,Team_Score,Tokenomics_Score,Regulatory_Risk
2025-03-08,86154.59375,86154.59375,86847.265625,85247.484375,86742.65625,18206118081,90794.449609375,90370.5291700741,40.00983331442246,-2611.5098780383123,-2830.4068520946544,100418.19636404692,81170.7028547031,42.912101449490464,47.817272990300616,-334276116436,87759.80859375,90381.54296875,604355,34200032516.92575,0.457048861398902,459045621254.37476,67566693.73392287,8.308053131500827,3.975851909226448,8.762079279815396,9.307321883922391,4.955577574924968
2025-03-09,80601.0390625,80601.0390625,86471.1328125,80052.484375,86154.3046875,30899345977,90035.832421875,89440.10154078132,33.21622099177728,-3072.7298078604654,-2878.8714432478164,100338.1462394875,79733.51860426251,12.88515142423909,33.738466882946575,-365175462413,88210.701171875,90381.54296875,443462,13966821156.551516,0.3263145073425662,277805376527.30023,32610922.28022644,2.968020601921567,4.693344422539834,8.681624152722282,9.787990080067381,9.806853140918072
2025-03-10,78532.0,78532.0,83955.9296875,77420.59375,80597.1484375,54061099422,89185.455078125,88401.23472737358,31.097645941876706,-3564.1191389705637,-3015.920982392366,100305.4623178405,78065.4478384095,6.3066226187246315,20.70129183081806,-419236561835,87345.6484375,89967.3828125,308655,23380202231.088036,0.2405968335438915,251223241931.70782,36410320.056664616,8.306456408720422,6.179073116961128,1.8333181040111197,8.621845479552597,2.48319236748058
2025-03-11,82862.2109375,82862.2109375,83577.7578125,76624.25,78523.875,54702837196,88496.78515625,87873.70865214753,39.75769336823735,-3563.0641054930747,-3125.349607012508,99389.59101374535,77603.97929875465,33.86664551571561,17.68613985289311,-364533724639,86794.0546875,89569.2109375,244073,1114740196.1145234,0.5987065916686595,455434656203.71014,-23127527.553003848,3.47678485382583,3.588219975071962,9.18706720244581,6.485299468218616,5.756354127082681
2025-03-12,83722.359375,83722.359375,84358.578125,80635.25,82857.375,40353484454,87766.20625,87478.34205432396,41.334993604474704,-3453.016963389702,-3190.8830782879472,97852.0057898163,77680.4067101837,38.53649557017648,26.236587901538908,-324180240185,86387.8515625,89569.2109375,172197,21015845203.753662,0.3924884282926303,98738992884.89978,-83191514.65244779,4.741981128306189,9.746263219884204,4.346724403989011,4.276601896249284,7.055398939379639
2025-03-13,81066.703125,81066.703125,84301.6953125,79931.8515625,83724.921875,31412940153,87013.2640625,86867.70977534073,38.0247336917952,-3539.294294067804,-3260.565321443919,96732.1435192024,77294.38460579762,24.118616117024708,32.173919067638934,-355593180338,86387.8515625,89569.2109375,955174,25081321538.369717,0.6608405042788402,257387538428.48032,-77520436.18584667,1.6619035739638717,2.577322605644296,1.813796984787334,9.791239280422486,2.2594629883120945
2025-03-14,83969.1015625,83969.1015625,85263.2890625,80797.5625,81066.9921875,29588112414,86382.83125,86591.65185030828,43.36315818230289,-3335.026295521384,-3275.457516259412,95124.93126636498,77640.73123363503,39.87608879327603,34.177066826825744,-326005067924,86387.8515625,89569.2109375,521755,37366733347.675316,0.8022248295112637,124029517173.80421,45062562.513711154,8.15759627021396,6.696019250336341,4.360054783769883,5.97272667775832,5.680231453722357
2025-03-15,84343.109375,84343.109375,84672.671875,83639.59375,83968.40625,13650491277,85786.290625,86377.50494789796,44.03218173330799,-3107.1458865972963,-3241.7951903269886,93287.3724231212,78285.20882687879,41.90662250981483,35.30044247337185,-312354576647,85984.37890625,89569.2109375,989421,7121140887.106737,0.97472744050012,467321050423.27454,-35163010.176054895,9.169917699388355,7.951596327550755,6.956564275653973,7.4645548351322955,5.695076739349879
2025-03-16,82579.6875,82579.6875,85051.6015625,82017.90625,84333.3203125,21330270174,85344.36640625,86015.80804809816,41.54059871290546,-3033.86986522832,-3200.210125307255,92499.63603911959,78189.09677338041,33.44717924236893,38.409963515153265,-333684846821,84898.43359375,89569.2109375,549658,28692273913.441925,0.9116822001247158,194639996867.89633,60950317.026254654,3.061942192933281,2.2723164532756708,3.1712252506743726,7.341837311036717,4.030313451961596
2025-03-17,84075.6875,84075.6875,84725.328125,82492.15625,82576.3359375,25092785558,85111.3421875,85831.034662565,44.4142161183257,-2822.5468300790817,-3124.677466261621,92111.4652391923,78111.21913580771,46.051427048448964,40.46840960021091,-308592061263,84804.400390625,89569.2109375,847244,30690664292.738354,0.7402449860344237,24140886519.81592,-75804008.71185522,7.029760258596491,7.3988685888453025,2.0767476253091997,5.95300210307951,9.335696723916634
2025-03-18,82718.5,82718.5,84075.71875,81179.9921875,84075.71875,24095774594,85029.916015625,85534.60278993976,42.37896559436463,-2733.0802432233613,-3046.3580216539694,92101.23159120955,77958.60044004045,37.66372720565798,39.05411116549195,-332687835857,84502.439453125,89569.2109375,928454,3795043782.740203,0.45355657765843094,462620693423.5525,-49197028.08971864,5.972303150921311,4.964610955128879,2.9312646966557967,1.3438329864485237,2.4191629583927705
2025-03-19,86854.2265625,86854.2265625,87021.1875,82569.7265625,82718.8046875,34931960257,85137.416015625,85660.2812444693,49.91134056749008,-2301.9236161344306,-2897.471140550062,92250.90222421619,78023.92980703381,63.223373929568815,48.97950939455859,-297755875600,84304.9609375,89569.2109375,940923,32822907502.6211,0.7063791674477837,157176599895.49905,32930896.408342496,6.762919160538477,7.635237409019481,9.714173430582106,1.128470843436561,3.875684752634741
2025-03-20,84167.1953125,84167.1953125,87443.265625,83647.1953125,86872.953125,29028988961,85127.125390625,85518.08258428174,45.72874610811533,-2152.240163388007,-2748.424945117651,92245.59883050797,78008.65195074205,51.7817704003647,50.88962384519717,-326784864561,85167.810546875,89569.2109375,155234,14235573562.333267,0.509997777936663,122174425380.94704,-74697470.16742319,5.45867868378178,2.2758762964908756,9.906469020648332,4.63533944862896,1.3964625889029243
2025-03-21,84043.2421875,84043.2421875,84782.2734375,83171.0703125,84164.5390625,19030452299,85027.691796875,85377.62159411206,45.5391624024408,-2020.3278481207235,-2602.8055257182655,92148.39035863898,77906.99323511103,68.57363409621658,61.192926142050034,-345815316860,85125.705078125,89569.2109375,125757,44438773698.194824,0.25532778405134693,290280393784.14935,-37898726.08754457,7.706688180118034,5.248240409341652,2.7154674809492483,2.9790880306852134,7.882897252914472
2025-03-22,83832.484375,83832.484375,84513.875,83674.78125,84046.2578125,9863214091,84506.8984375,85230.46566848234,45.19606045661622,-1910.766653417042,-2464.397751258021,90242.84090307697,78770.95597192303,66.62560277982776,62.32700242546968,-355678530951,84977.12890625,89569.2109375,487355,40103470742.07984,0.5058970644354424,384463970993.4886,-56463014.882882856,8.942234908063572,5.598423534681503,4.5572710832993835,8.085179211603933,8.603155717399847
2025-03-23,86054.375,86054.375,86094.78125,83794.9140625,83831.8984375,12594615537,84506.33359375,85308.93322386498,49.51451500445495,-1625.9081558182515,-2296.699832170067,90241.66414295303,78771.00304454696,87.16250467565065,74.12058051723166,-343083915414,85072.736328125,89569.2109375,142822,17048142085.734795,0.06392017766196845,103721533094.17967,77005053.23398393,7.619191048791313,2.0128215529080737,3.8379774027868505,1.3417460478500354,3.5662373702847576
2025-03-24,87498.9140625,87498.9140625,88758.7265625,85541.1953125,86070.9296875,34582604933,84520.16953125,85517.50282754451,52.154197628513394,-1268.965668032106,-2091.1529993424747,90282.9099707692,78757.4290917308,89.61790816842249,81.1353385413003,-308501310481,85401.6015625,89569.2109375,799333,9185690270.09264,0.21775048970520083,70647536675.40053,-61963062.13210352,1.263923311527126,5.360093470648502,6.530864342742611,7.0535192389579295,5.061434981669557
2025-03-25,87471.703125,87471.703125,88542.3984375,86346.078125,87512.8203125,30005840049,84362.5765625,85703.61714158789,52.09893736594725,-977.0193986209342,-1868.3262791981667,89597.25555579862,79127.89756920139,85.41926290448205,87.39989191618507,-338507150530,85401.6015625,89569.2109375,610812,47447577504.66434,0.4388636742359102,380887162004.03485,-31944023.6989277,4.347145426924476,7.516345940413748,8.665934419065874,9.002496243609574,1.7037663037255788
2025-03-26,86900.8828125,86900.8828125,88292.15625,85861.453125,87460.234375,26704046038,84209.534375,85817.64244357953,50.88101381238438,-782.6879657646496,-1651.1986165114633,88934.64602421217,79484.42272578784,78.9524180414926,84.6631963714657,-365211196568,85401.6015625,89569.2109375,936574,47446538678.80497,0.19728006680099774,481331537259.97186,-37730588.4409503,6.810021718055944,2.870712636926524,3.261455163003104,4.933524127361745,3.6775480913907668
2025-03-27,87177.1015625,87177.1015625,87786.7265625,85837.9375,86896.2578125,24413471941,84231.255859375,85947.11474061958,51.472194497414385,-599.4799290166848,-1440.8548790125078,89006.47592652068,79456.03579222932,80.1332444905886,81.50164181218776,-340797724627,85749.03515625,89184.93359375,196303,1359826036.0757022,0.5500566801988561,405529094873.6721,-35050645.98804313,1.963521641043972,4.431301342522319,4.25776641345556,2.623438310857977,5.958198194513533
2025-03-28,84353.1484375,84353.1484375,87489.859375,83557.640625,87185.234375,34198619509,84141.18359375,85795.30842603676,45.44952290917273,-674.3818027438829,-1287.5602637587829,88835.1585052029,79447.2086822971,41.86921051709244,66.98495768305789,-374996344136,85745.94921875,88389.1953125,483546,22452195840.876324,0.2938849538353425,479184606005.9414,59879997.4969022,3.42297952665123,1.8924132291701312,9.83206250104905,2.7216735180173792,3.173743456958888
2025-03-29,82597.5859375,82597.5859375,84567.3359375,81634.140625,84352.0703125,16969396135,84241.0109375,85490.7634271285,42.147840325858425,-865.4252160316246,-1203.1332542133514,88709.07008656648,79772.95178843352,18.70488764820973,46.90244755196358,-391965740271,84955.513671875,88389.1953125,628015,5927728936.174145,0.1231224464058509,29550350898.448326,53233142.82936892,7.885386470692449,6.091339014561788,2.017379883384406,9.503720372767694,5.64043440719429
2025-03-30,82334.5234375,82334.5234375,83505.0,81573.25,82596.984375,14763760943,84431.137109375,85190.16914240198,41.65947245205616,-1026.225751045873,-1167.7517535798559,88176.44596917037,80685.82824957964,15.233826558276757,25.269308241192977,-406729501214,84940.291015625,88389.1953125,654542,2726960317.029665,0.7558190125956807,186352613739.48502,89237382.30116099,9.468571426862383,6.7722794232634715,4.792697144286968,4.788674961662349,1.9423449551024476
2025-03-31,82548.9140625,82548.9140625,83870.125,81293.890625,82336.0625,29004228247,84415.472265625,84938.62103955417,42.246798625011394,-1123.4118098058098,-1158.8837648250467,88189.40970005887,80641.53483119112,18.06267124911605,17.333795151867513,-377725272967,84870.451171875,88061.109375,959219,28569032964.639065,0.1632027761278788,89333803607.28874,-39948643.93783337,8.410185314384108,9.389191884269234,3.278822989570834,2.2036229764906183,8.130774790894527
2025-04-01,85169.171875,85169.171875,85487.3671875,82429.359375,82551.921875,28175650319,84487.812890625,84960.57826197759,49.004016087994884,-977.7289043065539,-1122.652792721348,88261.29968924032,80714.3260920097,51.91381675961984,28.40343818900422,-349549622648,84466.978515625,88061.109375,916535,2628465524.9346075,0.42168247347880405,327722245618.314,-54209247.38646346,5.646748807749154,9.34232000795966,3.825969662451922,8.532776455959473,5.9934776179555245
2025-04-02,82485.7109375,82485.7109375,88466.953125,82343.5390625,85180.609375,47584398470,84558.76328125,84724.87661202734,43.40322047789449,-1066.5129260173126,-1111.424819380541,88119.65513976733,80997.87142273266,15.965793789423119,28.647427266053004,-397134021118,83804.81640625,88061.109375,221582,34585266096.88424,0.9226326936489336,147784333542.86676,-41665179.883375816,5.679701703933665,1.1087765795002387,1.1762371368199713,2.621361883708183,3.766735858574208
2025-04-03,83102.828125,83102.828125,83909.296875,81282.1015625,82487.4765625,36852112080,84515.449609375,84570.39580373903,44.96113828655087,-1074.6903420184099,-1104.0779239081148,88124.72318984782,80906.17602890219,24.3522520187919,30.743954189278288,-360281909038,83783.0078125,88061.109375,735303,23201436633.68782,0.45808365543823626,474554167616.51483,60793575.419722736,5.554237175913517,9.18891530171578,1.1152698164867652,9.185908795417653,4.250372189538352
2025-04-04,83843.8046875,83843.8046875,84696.1484375,81670.75,83100.25,45157640207,84490.484375,84501.1966498115,46.85284731698303,-1009.7407245888753,-1085.210484044267,88111.07049825804,80869.89825174196,34.26282747897614,24.86029109573039,-315124268831,83783.0078125,88061.109375,184240,33945826561.590004,0.3582773664337795,311387780535.8098,-94382223.47139265,1.5531724810081609,7.665401976672772,9.11728257375695,8.421442966715706,3.1822930634799786
2025-04-05,83504.796875,83504.796875,84207.015625,82377.734375,83844.703125,14380803631,84536.73984375,84406.3014331628,46.07262605817777,-974.3906136444857,-1063.0465099643109,88081.33751237203,80992.14217512796,29.72859161051945,29.447890369429164,-329505072462,83783.0078125,88061.109375,446453,46804438521.64749,0.7579155295340715,376522974621.2216,33803723.365808174,7.273583154703774,5.170768418640267,4.908983109270182,8.563373234663505,7.898782749243727
2025-04-06,78214.484375,78214.484375,83704.71875,77097.7421875,83504.5078125,36294853736,84243.6796875,83816.60457048063,35.9982259942917,-1357.6097220083611,-1121.959152373121,88735.03856888191,79752.32080611809,9.576740278412387,24.52271978930266,-365799926198,82855.291015625,88061.109375,987523,42723978490.76714,0.54575252349063,488088830577.4706,-38072008.938242674,3.6198120492573636,8.187664574430473,7.36900564972829,2.268766430589988,6.68001136851443
2025-04-07,79235.3359375,79235.3359375,81119.0625,74436.6796875,78221.3359375,91262424987,84069.521484375,83380.29327210152,38.780083702822935,-1560.9458250340685,-1209.7564869053106,89029.60687580785,79109.43609294215,34.019225358509296,24.44151908248038,-274537501211,81524.759765625,86967.32421875,249587,33781736037.22306,0.1688096635048929,254458520450.57913,95169992.17981228,9.466073141491947,9.001497087313815,4.287655180803987,3.7397670575136575,6.0554373697683515
2025-04-08,76271.953125,76271.953125,80823.890625,76198.0234375,79218.4765625,48314590749,83540.4078125,82703.30849618709,34.1410303523399,-1938.8613913643785,-1355.5774677971242,89379.25187349731,77701.56375150268,13.080810190018793,18.89225860898016,-322852091960,81524.759765625,86967.32421875,425242,37554065891.82096,0.4905945954580887,111454257433.568,38597062.26381737,1.8431593793029233,6.919511942497938,2.1774156288250848,4.979208366632397,8.691456766318577
2025-04-09,82573.953125,82573.953125,83541.0,74589.671875,76273.5625,84213627038,83460.745703125,82690.98893702641,48.30396328519079,-1710.1301525477757,-1426.4880047472545,89306.68020331659,77614.8112029334,57.99796756455767,35.03266770436192,-238638464922,81524.759765625,86967.32421875,504899,10133611619.459772,0.8202762117044047,367723383643.0723,31284619.701451838,9.194701744637854,8.943352406401512,4.0808392940495635,5.633988278453547,4.160299755015956
2025-04-10,79626.140625,79626.140625,82700.9296875,78456.1328125,82565.9765625,44718000633,83239.890625,82399.09862159532,43.582696869250896,-1746.589237206601,-1490.5082512391239,89310.54307004827,77169.23817995173,36.98759657548549,36.02212477668732,-283356465555,81524.759765625,86967.32421875,807979,3435918469.697615,0.5482835578576928,361183863824.5114,-93382113.10781994,5.433753287431895,1.6956838489326307,9.80502469720615,2.337591807927953,2.987456973692694
2025-04-11,83404.8359375,83404.8359375,84247.4765625,78936.3203125,79625.046875,41656778779,83218.508203125,82494.88312787194,50.2899765019579,-1453.815512369998,-1483.1697034652989,89283.67103667077,77153.34536957924,63.92003897821396,52.96853437275237,-241699686776,80582.05859375,86967.32421875,911716,41433315739.18547,0.7441164568413817,40947111695.53287,68199592.27540505,1.131641878347072,1.8942216311151898,1.487691589002527,7.402373119198981,4.226880129791198
2025-04-12,85287.109375,85287.109375,85856.1875,82769.375,83404.515625,24258059104,83180.144921875,82760.80943712224,53.27023032179975,-1057.7138239667256,-1398.0785275655844,89182.45341909211,77177.8364246579,77.33583907565949,59.414491543119645,-217441627672,80872.068359375,86967.32421875,908835,48312815974.05708,0.7861775481550227,123701047088.85347,-7207766.666900411,8.03277679414782,8.199185189149425,6.3816908875676575,4.598884961185212,7.306129660000282
2025-04-13,83684.9765625,83684.9765625,86015.1875,83027.0078125,85279.46875,28796984817,82989.448046875,82848.82535382488,50.4952476455882,-863.1294910414726,-1291.088720260762,88664.204757281,77314.691336469,65.91672583002715,69.05753462796686,-246238612489,80911.818359375,86967.32421875,910131,35554731413.06659,0.5475982470863032,14687706415.387033,58946678.53696674,4.155311736503311,7.626949796497702,5.366214039449312,4.2862347940332395,6.5899061559953145
2025-04-14,84542.390625,84542.390625,85785.0,83690.640625,83694.5234375,34090769777,82842.982421875,83010.11728441299,51.93820165430572,-632.4434418431483,-1159.3596645772395,88189.12673513354,77496.83810861646,72.02789726456463,71.76015405675042,-212147842712,80911.818359375,85693.41796875,304029,7671044249.981202,0.8180426858236486,259107825954.91183,13555546.437321216,6.332258060565894,2.038516889893328,6.350414106951848,2.9548418850138427,9.403431799366778
2025-04-15,83668.9921875,83668.9921875,86429.3515625,83598.8203125,84539.6953125,28040322885,82681.387890625,83072.86727518318,50.328928476620725,-514.171985869034,-1030.3221288355985,87713.28168507275,77649.49409617725,65.80279807893088,67.91580705784088,-240188165597,81015.359375,85554.27734375,227766,10449890557.622711,0.9070734489744315,402776352592.0118,51643172.63556722,9.295924836644064,1.6658868466854133,8.854839433415346,8.547715000975101,6.9654324622277315
2025-04-16,84033.8671875,84033.8671875,85428.28125,83100.6171875,83674.5078125,29617804112,82524.226171875,83164.3910763562,51.01181818294505,-386.54281681957946,-901.5662664323947,87165.85387140437,77882.59847234562,80.02543219752687,72.61870918034079,-210570361485,81053.607421875,85470.06640625,409041,32469413660.72881,0.9586561038347359,154672791609.97733,-76249652.4877297,1.825376588853848,5.904570581990286,7.475832580600481,8.807087582557243,4.8571654618395215
2025-04-17,84895.75,84895.75,85449.0703125,83749.75,84030.671875,21276866029,82551.35625,83329.28240241752,52.667199442692336,-213.38922278575774,-763.9308577030673,87241.51586980135,77861.19663019864,87.21217774917234,77.68013600854336,-189293495456,81053.607421875,84740.05859375,350154,47124878906.27219,0.7792034354751046,86107929354.7003,-86390857.37578698,3.5205974466991314,6.732876946102766,9.638332596465828,8.275897743354427,4.136276902430372
2025-04-18,84450.8046875,84450.8046875,85095.046875,84298.8828125,84900.1875,12728372364,82644.0171875,83436.09404861585,51.69600366904592,-110.79000198676658,-633.3026865598073,87406.83216379338,77881.2022112066,83.50203444551425,83.57988146407115,-202021867820,82020.22265625,84740.05859375,166232,27640165978.72239,0.7436306294460197,202574883196.1599,-22583908.1835417,1.2514426679243869,2.0255074006848486,5.806819775111102,8.421938327481426,2.3770318630175877
2025-04-19,85063.4140625,85063.4140625,85597.703125,84353.4609375,84450.8671875,15259300427,82780.46171875,83591.076907081,52.98157541185884,19.725690969571588,-502.69701105393153,87655.03626730976,77905.88717019024,88.61023202971606,86.44148140813422,-186762567393,82086.1875,84740.05859375,988442,20905590743.275974,0.8804076568687982,66339308971.54333,26341529.501525313,6.107915782297118,9.882157431762211,1.7626172832599252,8.579276142538914,9.701589859769628
2025-04-20,85174.3046875,85174.3046875,85306.3828125,83976.84375,85066.0703125,14664050812,82911.73125,83741.86050521616,53.224253107272986,130.60275734879542,-376.0370573733861,87894.4939614395,77928.9685385605,89.53488523590578,87.21571723704535,-172098516581,83025.58984375,84740.05859375,607512,29010159456.769768,0.7882130920684497,199311435082.78192,-7186730.110489383,3.990902024557146,6.754602800082054,3.1974690407182855,9.733869685123906,9.926634754780556
2025-04-21,87518.90625,87518.90625,88460.09375,85143.8359375,85171.5390625,41396190190,83029.21796875,84101.57914757653,58.143347773465386,403.01764616614673,-220.22611666547957,88320.59929910471,77737.8366383953,93.21442773347512,90.45318166636565,-130702326391,83597.68359375,84740.05859375,293410,42518844534.63549,0.3791555614679054,155534144376.12827,16619520.244293645,9.714411590017885,6.621730774101974,4.938961080738071,3.1887046748210524,2.3039657457318667
2025-04-22,93441.890625,93441.890625,93817.3828125,87084.53125,87521.875,55899038456,83577.026953125,84991.13262161685,67.45463654829518,1084.3441029755777,40.687927262731876,90535.76304816538,76618.29085808461,98.04713005765198,93.59881434234428,-74803287935,86293.015625,84740.05859375,166841,18752051434.003895,0.16983942014746523,172142830540.5097,-16077790.17316784,9.612125415345655,6.770206224800917,8.119090856821483,9.955140987144476,8.946568696564068
2025-04-23,93699.109375,93699.109375,94535.734375,91962.9609375,93427.5859375,41719568821,84106.841015625,85820.46374098667,67.7897456168029,1626.3085594162985,357.81205369344525,92337.73002486657,75875.95200638344,94.79697928615884,95.35284569242863,-33083719114,86652.19140625,84486.20703125,494167,3829149860.934456,0.17741905556401838,457129394097.40936,-34537668.093538284,7.494085360369719,7.5054313511917385,2.6437063719239884,3.7664200101529732,2.194351373312002
2025-04-24,93943.796875,93943.796875,94016.1953125,91696.7109375,93692.3984375,31483175315,84611.840625,86594.11451565461,68.12596898104209,2051.9103864349017,696.6317202417365,93889.05669203505,75334.62455796494,96.20538632009917,96.34983188796998,-1600543799,86652.19140625,84486.20703125,622657,29365432049.049763,0.6948470344018655,299062430841.8906,26273878.352580726,4.891738171594871,4.031452149261042,1.4541894845870145,7.57775837488586,9.843672329805601
2025-04-25,94720.5,94720.5,95768.390625,92898.59375,93954.25,40915232364,85172.62578125,87368.05599035417,69.22414465383,2423.9347408063622,1042.0923243546617,95419.61107877259,74925.6404837274,91.93869247310793,94.3136860264553,39314688565,87430.802734375,85102.53515625,480016,24769955367.8465,0.6757831368676871,260076247308.07574,-51733417.738609865,3.450724715328471,8.12925131857243,5.086675169422291,8.839810079458537,8.439003156516968
2025-04-26,94646.9296875,94646.9296875,95251.359375,93927.25,94714.6484375,17612825123,85994.248046875,88061.28205674901,68.98170648595253,2681.9147685525822,1370.056813194246,96509.46538337752,75479.03071037248,91.19827922916039,93.11411934078916,21701863442,87487.576171875,85102.53515625,792912,16149989449.53336,0.37489579587740995,289919828991.09326,28327475.944752917,7.375358057900321,1.9463784206271373,8.358525376428904,5.534298422891349,2.4048076132116867
2025-04-27,93754.84375,93754.84375,95301.203125,93665.3984375,94660.90625,18090367764,86720.2234375,88603.52602753483,65.96491576701152,2782.3091910767835,1652.5072887707536,97273.44214629836,76167.00472870164,84.10496615735673,89.08064595320836,3611495678,87487.576171875,85102.53515625,568915,47146263518.56712,0.38679294457338476,367206480204.5854,-14582975.827569976,1.4971596244139325,3.216013337416115,9.729649745024718,2.0462958950129786,5.918584285262329
2025-04-28,94978.75,94978.75,95598.4921875,92860.8046875,93755.3046875,32363449569,87655.56328125,89210.69021538865,68.03063548713769,2926.8921096803533,1907.3842529526737,97639.46854495296,77671.65801754703,93.76653972463343,89.6899283703835,35974945247,87487.576171875,85102.53515625,936424,34559352776.451126,0.761408584705313,368928639728.0956,88118795.92070541,1.3377460795632852,8.96001677242268,3.0431382220088796,9.760183388378698,2.8457787096991876
2025-04-29,94284.7890625,94284.7890625,95485.4140625,93796.6328125,94981.859375,25806129921,88241.105078125,89693.93772463735,65.59945958047012,2951.4557220087445,2116.198546763888,98337.2281987482,78144.98195750179,88.2883794076381,88.71996176320943,10168815326,87779.32421875,85102.53515625,769729,26844767457.814693,0.9429531243934655,401569142964.0068,92538769.84010753,7.002784928849596,9.111910686477636,2.897965399932612,1.1708462172185272,4.273704328351045
2025-04-30,94207.3125,94207.3125,95249.3203125,92979.640625,94286.46875,28344679831,88970.163671875,90123.78294133855,65.3188063168894,2930.8854278556682,2279.135922982244,98566.05862902959,79374.2687147204,87.01119224953945,89.688703793937,-18175864505,88264.498046875,85102.53515625,155936,25001965621.162075,0.14625651177867238,305706921168.8665,85546422.14799461,8.138855502767454,2.5186932064482903,6.298953412053637,7.7622043149851825,3.693065797568694
2025-05-01,96492.3359375,96492.3359375,97437.9609375,94153.6328125,94212.859375,32875889623,89624.538671875,90730.31179811583,69.46771723200126,3063.649768728821,2436.03869213156,99396.45834135608,79852.61900239391,92.97513730228789,89.42490298648848,14700025118,90252.328125,85937.3203125,899763,13759161165.171427,0.7383332127526872,210104175174.78458,79493247.18430409,9.839430986557145,9.827958888596843,7.038000449336642,8.592324195745707,3.054284124250584
2025-05-02,96910.0703125,96910.0703125,97905.8984375,96375.9453125,96494.96875,26421924677,90205.68671875,91318.86022805718,70.17027740440328,3166.077566920285,2582.046467089305,100255.1950397315,80156.17839776851,92.85071279177573,90.94568078120102,41121949795,90486.296875,86171.2890625,518066,5564554911.09122,0.3407503984199277,71509734469.14076,-84229750.66086626,2.147642211092145,6.413052255303556,4.008350149602624,9.425832474075884,4.165995724794309
2025-05-03,95891.796875,95891.796875,96943.8828125,95821.2890625,96904.6328125,15775154889,90816.027734375,91754.37800395649,66.1730896617731,3129.0168204387155,2691.4405377591875,100688.4636255569,80943.5918431931,85.54028534106149,90.45537847837504,25346794906,90815.568359375,86171.2890625,541675,4749153399.002243,0.057372947647024386,347671468657.9158,24726544.438129842,2.7767505233650427,9.396431398050275,8.769629255573225,9.117044729935172,9.517974402441636
2025-05-04,94315.9765625,94315.9765625,96318.921875,94173.4296875,95877.1875,18198688416,91304.70703125,91998.33977143682,60.435609190108494,2938.6158480336308,2740.875599814076,100848.70956941985,81760.70449308015,71.87036284299657,83.42045365861127,7148106490,90815.568359375,86171.2890625,502182,14487247486.289558,0.277396987556476,178913704417.7096,-9664570.374947593,3.7416923126154726,3.55329814236221,5.848330479036625,3.68554592079457,5.742600344969267
2025-05-05,94748.0546875,94748.0546875,95193.1875,93566.265625,94319.5625,25816260327,91858.66015625,92260.21738249046,61.423264825711534,2790.42056796659,2750.7845934445786,100834.79677347852,82882.52353902148,70.81844007984782,76.0763627546353,32964366817,91782.18359375,86171.2890625,830226,10720040554.697897,0.6500585316826246,359513373378.7372,-18074030.644032717,8.075336478783061,3.7838724708104623,7.984232982229132,4.962139946020317,9.270222929853325
2025-05-06,96802.4765625,96802.4765625,96889.1796875,93399.859375,94748.3828125,26551275827,92497.090625,92692.81349487232,65.79543599799575,2806.398995914453,2761.9074739385537,100957.79046889105,84036.39078110894,82.22920671988082,74.9726698809084,59515642644,91902.23046875,86171.2890625,128551,19955331494.201687,0.20404470128900598,450573271273.0645,-58145358.71464413,3.6351675960939813,2.172512247072004,6.811641094447307,3.367900100463991,6.026168605399012
2025-05-07,97032.3203125,97032.3203125,97625.8046875,95829.3359375,96800.1953125,76983822462,93103.919140625,93106.0998584559,66.25621557953731,2805.27106629053,2770.580192408949,101020.2354722995,85187.60280895051,85.9308786375029,79.65950847907718,136499465106,92890.203125,86171.2890625,120145,45138824244.511986,0.829142057843294,259184470263.33768,-4253020.68759501,5.335995581890945,5.458347266571127,4.346629093042085,7.480786067647741,7.403181333992451
2025-05-08,103241.4609375,103241.4609375,103969.5390625,96913.875,97034.25,69895404397,94043.451953125,94071.37234217438,75.75730719542659,3267.734520957936,2870.0110581187464,102088.0681297353,85998.8357765147,93.4458949109583,87.20199342278067,206394869503,95986.431640625,89203.109375,254318,12344282514.496748,0.8550813734868984,322568522416.8102,35514210.80630919,7.81099928803366,9.819958561607315,3.982435941020374,6.712053241232163,3.0783528770212167
2025-05-09,102970.8515625,102970.8515625,104297.4921875,102343.09375,103239.125,58198593958,94938.823828125,94918.9417917292,74.76921253934616,3571.2372259428375,3010.256291683565,102769.56855033993,87108.07910591006,88.40013224983196,89.25896859943106,148196275545,96273.865234375,89367.0859375,493550,47304391920.86243,0.9349981628554811,222400007783.9964,65981396.587953866,2.120785769855196,4.726482914430361,7.595584389270166,6.076469787343419,9.788428808327978
2025-05-10,104696.328125,104696.328125,104961.765625,102830.484375,102973.7109375,42276713994,95914.925,95850.1214425169,76.84318838267234,3905.9712393818045,3189.3992812232127,103496.61875039205,88333.23124960795,97.80647585451311,93.21750100510111,190472989539,96606.001953125,89699.22265625,834105,45280396991.46771,0.7531017160129673,127162715335.94289,76802998.54189515,6.301131288873375,9.340646177633598,3.4531448737247086,3.370837706927075,6.6055215692496905
2025-05-11,104106.359375,104106.359375,104937.9921875,103364.7421875,104701.0703125,46285517406,96744.29765625,96636.4298170391,74.58566184999299,4076.651705872384,3366.8497661530473,104096.29992548989,89392.2953870101,92.93108824647835,93.0458987836078,144187472133,96606.001953125,89699.22265625,873706,30120569499.214542,0.31623247594364856,189848687295.2538,-18568281.19369036,6.2824670580477004,8.04825347806603,4.458280647198207,1.0328472916784333,2.297487703949649
2025-05-12,102812.953125,102812.953125,105747.453125,100814.40625,104106.9609375,63250475404,97212.85078125,97224.67013208299,69.74785033033348,4060.740442229697,3505.6279013683775,104852.11165143811,89573.58991106189,77.01642313434662,89.25132907844603,80936996729,97161.12890625,90092.06640625,503064,17752124121.292603,0.5694178107576073,351274016045.53436,-18023711.138770908,1.650939936566999,3.102366949820667,8.190957932374253,3.1202127545404967,2.4410804587788832
2025-05-13,104169.8125,104169.8125,104997.421875,101515.09375,102812.4921875,52608876410,97736.3859375,97886.11226236081,71.81333447822131,4110.237602427253,3626.5498415801526,105765.86524444759,89706.90663055242,87.64361064199525,85.86370734094008,133545873139,97217.90234375,90092.06640625,374528,37843237566.30324,0.8168072119244812,453519249769.6342,-99765589.1941153,9.015618720480875,7.646180769724678,7.922372114268437,9.114081759518445,8.913308916821627
2025-05-14,103539.4140625,103539.4140625,104303.5625,102618.296875,104167.328125,45956071155,98216.166796875,98424.52195761216,69.44115505888652,4051.8889197908284,3711.617657222288,106426.52975919997,90005.80383455002,82.11765703337947,82.25923026990712,87589801984,97217.90234375,90092.06640625,746313,12248721509.721159,0.9003287789569657,254570677182.8669,-59041865.38651794,9.33022846976,2.1658458928104984,1.4819464751719245,8.951564134349557,9.894361965515094
2025-05-15,103744.640625,103744.640625,104153.6171875,101440.8125,103538.828125,50408241840,98667.373828125,98931.19992593481,69.7910050314197,3976.370117357277,3764.5681492492863,107049.77062949496,90284.97702675503,83.77973441181607,84.51366736239693,137998043824,97825.271484375,90092.06640625,468017,35493334235.11915,0.955335550857578,465498272898.44653,14871020.964315832,8.095883211377977,8.810219902002093,9.388479834709436,3.4645795915891937,4.6850928439639965
2025-05-16,103489.2890625,103489.2890625,104533.484375,103137.4765625,103735.65625,44386499364,99109.491796875,99365.30365322673,68.73656384914155,3851.5182800676703,3781.9581754129636,107529.71044192056,90689.27315182943,81.71170749361592,82.53636631293715,93611544460,98388.154296875,90092.06640625,273455,24576606114.755142,0.007986421078980621,76257124584.01303,-15095063.870179519,6.4059610460350305,9.835662637342205,7.945005207451431,9.60808704016296,8.195204434812894
2025-05-17,103191.0859375,103191.0859375,103716.9453125,102659.1796875,103489.2890625,37898552742,99581.30390625,99729.66387077657,67.45484025457772,3686.0196593414294,3762.770472198657,107803.65675496293,91358.95105753708,79.29663674349506,81.59602621630901,55712991718,99848.4609375,90092.06640625,618589,32771437562.617878,0.9021924557091336,364526787379.9412,27782607.68080248,9.137193608445616,4.243970732667433,3.273217020186545,3.4575426836671053,3.7219794503670665
2025-05-18,106446.0078125,106446.0078125,106597.171875,103142.6015625,103186.953125,49887082058,100154.666796875,100369.31567475024,73.305904128794,3774.0014632243547,3765.0166704037965,108609.26541558323,91700.06817816677,98.85458450347372,86.62097624686157,105600073776,101426.365234375,90516.92578125,804928,24233797331.006725,0.42791900222605683,185226742777.3247,54942020.73099792,9.031923251533344,1.6403934531192181,7.430941370832423,5.050911595456352,6.9425067280826545
2025-05-19,105606.1796875,105606.1796875,107068.71875,102112.6875,106430.53125,61761126647,100720.736328125,100868.06462834546,69.8181084209998,3732.929676087355,3758.5992715405087,109042.46719271393,92399.00546353607,89.30021136090589,89.15047753595822,43838947129,101662.138671875,90752.69921875,669241,35942747456.08432,0.655642968429017,250856888057.72537,-57812095.98663972,5.4983149578857216,4.282182822083604,2.0910622052393655,1.2575266413008985,6.504616865343186
2025-05-20,106791.0859375,106791.0859375,107307.1171875,104206.515625,105605.40625,36515726122,101349.925,101432.16189588398,71.85291777375078,3752.7328522496828,3757.4259876823435,109507.90158285674,93191.94841714327,95.50408533879316,94.55296040105759,80354673251,102072.361328125,90871.8984375,658595,5347530652.188344,0.9630040256370747,106659213957.4828,-18821146.63355516,2.395645706787027,7.683902652971514,5.196349214224268,3.4721358155094926,2.9358481143471984
2025-05-21,109678.078125,109678.078125,110724.4609375,106127.234375,106791.3125,78086364051,102009.212109375,102217.48725103789,76.08367428615944,3955.783345940974,3797.0974593340698,110609.58050559803,93408.84371315197,92.42332789328837,92.40920819766247,158441037302,103937.634765625,92580.5703125,462596,28087693017.968483,0.6396473204311109,95313099195.84435,45431934.554017544,7.450919611285506,3.4575751863977233,7.532802854757429,9.585404125939856,3.0919329226910497
2025-05-22,111673.28125,111673.28125,111970.171875,109285.0703125,109673.4921875,70157575642,102747.37265625,103118.03906046285,78.48998424960523,4228.94984132942,3883.46793573314,111981.29975347838,93513.44555902161,97.338679970699,95.08869773426018,228598612944,104560.490234375,93203.42578125,602367,40773581256.78587,0.4010397456012239,140421755169.0112,69155343.14883718,9.011593369124045,4.1608806205944795,1.582836555492745,7.083153139124435,3.7920480454967347
2025-05-23,107287.796875,107287.796875,111798.90625,106841.3046875,111679.359375,67548133399,103317.17265625,103515.15885232354,63.39234448289724,4044.9368053365324,3915.761709653819,112187.91264994151,94446.43266255848,58.027309308947586,82.59643905764499,161050479545,104560.490234375,93203.42578125,190984,34295803957.44297,0.8659142560846297,347252473359.3744,36856594.36568335,4.431223307454967,7.8745928945594645,2.490485471549422,4.70025583503609,4.302217944794929
2025-05-24,107791.15625,107791.15625,109454.5234375,106895.2890625,107278.5078125,45903627163,103990.931640625,103922.3966997213,64.24251694840359,3894.824926079018,3911.5743529388587,112032.89800311213,95948.96527813787,62.53940997438264,72.63513308467641,206954106708,104758.16796875,93203.42578125,515444,35316635124.22278,0.4727207728970615,496236921923.119,34519655.29915938,4.377404854185809,8.41712081942013,9.824135570063714,7.52169169333386,6.450638529584794
2025-05-25,109035.390625,109035.390625,109313.3046875,106683.375,107802.2734375,47518041841,104705.2984375,104409.3485021288,66.3244128635294,3832.0855984433147,3895.67660203975,111821.13301317352,97589.46386182647,73.69269534111424,64.75313820814816,254472148549,104758.16796875,93203.42578125,334998,18552355738.19704,0.5043915783364487,263971000624.59857,99088231.4284527,7.56330884244386,4.069849528450186,8.058200599026176,5.201559478746436,4.903844881061387
2025-05-26,109440.3671875,109440.3671875,110376.8828125,108735.640625,109023.78125,45950461571,105337.19296875,104888.49313883082,66.99792541037135,3771.566186068405,3870.8545188454814,111742.75269524584,98931.63324225415,75.97380241853507,70.73530257801065,300422610120,104863.22265625,93203.42578125,569429,13661202784.483397,0.6896394902773314,360770341092.3925,77199242.51554957,2.9940513510404134,8.985962272878744,1.009190384717471,7.165339289062446,3.6439888276357166
2025-05-27,108994.640625,108994.640625,110744.2109375,107609.5546875,109440.40625,57450176272,105935.308984375,105279.55480418025,65.44646737387498,3645.613345904945,3825.8062842573745,111272.10830994952,100598.5096588005,71.7406240586218,73.8023739394237,242972433848,104863.22265625,93203.42578125,853688,15608410616.77579,0.18266286710766322,316511985070.72205,-5904955.538401693,3.9194381809939434,9.00932189362638,6.0931048967467,8.046619648643457,3.166724470712575
2025-05-28,107802.328125,107802.328125,109298.2890625,106812.9296875,108992.171875,49155377493,106163.35234375,105519.81892997261,61.35362366474758,3410.2736466782517,3742.69975674155,111409.22696870948,100917.47771879051,60.4169294487586,69.37711864197182,193817056355,105386.6796875,93203.42578125,990686,1874901508.6071754,0.9385077503853033,59435067422.43058,-56594392.35700718,1.5783659974110567,4.264125865921927,5.9093591194197845,5.517475178161571,7.465196893361105
2025-05-29,105641.7578125,105641.7578125,108910.046875,105374.3984375,107795.5703125,56022752042,106296.89765625,105531.43215687998,54.68042816013359,3014.6739867806464,3597.0946027493696,111343.07077081717,101250.72454168284,35.800922205367435,55.98615857091594,137794304313,105678.650390625,93279.921875,109760,21697800387.386803,0.3167230705889533,19863679442.670044,-36766042.88189702,7.759254998600627,4.362341699845036,6.889065640816618,1.2973965453445273,7.269633423698774
2025-05-30,103998.5703125,103998.5703125,106308.9453125,103685.7890625,105646.2109375,57655287183,106262.009765625,105385.44531455808,50.20774865144964,2539.295489860524,3385.5347801716007,111361.33242588726,101162.68710536274,19.13148163118443,38.44977776177016,80139017130,105256.498046875,93279.921875,286730,9887661380.976858,0.16653449378935847,8496449982.872873,-32383202.7798685,6.605014521555497,1.7902405978111289,7.573522461903604,9.497118700970143,9.935049892807001
2025-05-31,104638.09375,104638.09375,104927.1015625,103136.1171875,103994.71875,38997843858,106288.596484375,105314.26897507635,51.85823489494954,2188.9262238705705,3146.213068911395,111348.07462968296,101229.11833906703,25.619175784896946,26.850526540482935,119136860988,105076.263671875,95213.15234375,877877,48244595006.309975,0.24714623424882187,399929095089.207,51005458.478982955,7.156867163462401,5.661853671390259,8.180414034002752,3.5461841942058725,2.089186106722401
2025-06-01,105652.1015625,105652.1015625,105884.546875,103826.953125,104637.296875,37397056873,106430.55390625,105346.44350721194,54.43711347363355,1970.3648726092651,2911.0434296509693,111245.39733767623,101615.71047482378,35.905855163985485,26.88550419335562,156533917861,105419.958984375,95453.24609375,274659,27606441464.68189,0.632775951334151,2041262222.5061047,69415993.79545373,5.406368062638953,2.6545425418484934,9.890624858750378,5.91304255293571,1.7920604123244737
2025-06-02,105881.53125,105881.53125,105958.3125,103727.546875,105649.8125,45819706290,106516.13984375,105397.40424462032,55.024171530887514,1794.975129483064,2687.829769617388,111226.92664561079,101805.35304188922,31.077621314532983,30.867550754471807,202353624151,105691.09375,97369.7734375,357622,33638891627.980705,0.43350098002444715,200711014186.71298,-85004161.32568116,2.2803955173159958,5.05144288173872,1.1830681828601386,2.1075809756365924,1.1256428118616282
2025-06-03,105432.46875,105432.46875,106813.578125,104920.84375,105888.4765625,46196508367,106610.792578125,105400.74372132315,53.56929018821293,1601.2833064698643,2470.5204769878837,111151.53756817026,102070.04758807973,25.994310016546407,30.992595498354955,156157115784,106666.2265625,97498.58984375,239819,5388735026.885985,0.7548113150048136,268119019305.12045,-93370214.30324985,7.784600102546962,8.94370895989803,8.601003973168478,4.279869801787816,1.7277800764145832
2025-06-04,104731.984375,104731.984375,105997.6953125,104232.703125,105434.3671875,44544857105,106660.159765625,105337.05235500666,51.291087723801525,1375.4031154313707,2251.497004676581,111095.43148638349,102224.8880448665,18.0649457576725,25.045625696250628,111612258679,106666.2265625,97535.39453125,782996,49225715955.88781,0.1298991010223517,150206014551.87778,68171132.1875836,4.506394923532857,6.083987247308232,2.363575287166354,9.210703871084661,9.883997659938492
2025-06-05,101575.953125,101575.953125,105936.6875,100436.8828125,104750.78125,57479298400,106564.49296875,104978.85242833936,42.51759296053079,930.9941695700836,1987.3964376552817,111338.79647005681,101790.18946744318,10.025241707744893,18.028165827321267,54132960279,105535.556640625,97535.39453125,527245,20452270710.461067,0.6585804280712386,27383484689.90031,86501860.2689744,9.816717356764771,3.019241209707936,1.3629202047515503,1.831297966246464,6.66312507356747
2025-06-06,104390.34375,104390.34375,105376.7734375,101169.5703125,101574.3671875,48856653697,106624.455859375,104922.80398278324,50.62794459010103,796.7106958090008,1749.2592892860255,111255.76255349092,101993.14916525908,38.35582693744893,22.14867146762211,102989613976,105438.49609375,97535.39453125,753201,36697922088.48246,0.07493064586196108,31645313459.263718,-36450310.73195939,1.6525723908655072,7.112896986732972,5.0018629041064395,8.406126372378772,6.081250476176612
2025-06-07,105615.625,105615.625,105972.7578125,103987.3125,104390.6484375,38365033776,106582.93671875,104988.78693680388,53.69133993892546,780.1667554456653,1555.4407825179535,111234.74126519097,101931.13217230904,50.24330383874337,32.87479082797906,141354647752,104914.37890625,97859.9609375,235176,13502507790.39917,0.028801965919884154,414986912661.8732,-60152645.80982646,5.108841266727736,8.341478249328123,8.18892124404433,4.541215850649394,8.388607943231527
2025-06-08,105793.6484375,105793.6484375,106497.0625,105075.328125,105617.5078125,36626232328,106592.31015625,105065.44041306066,54.13660043145415,772.5154894294246,1398.8557239002478,111236.95421489765,101947.66609760234,51.97045791146772,46.85652956255334,177980880080,104914.37890625,97973.5078125,119018,23312354346.46298,0.6169809575657155,89676833870.8063,-2051912.6698851585,2.253563242921784,8.748579260917406,2.2267638101999148,9.28762139214182,7.12855969281873
2025-06-09,110294.1015625,110294.1015625,110561.421875,105400.234375,105793.0234375,55903193732,106767.4609375,105563.4081415787,63.651464850085375,1116.7278181696456,1342.4301427541272,111685.05758705107,101849.86428794893,95.63311297029267,65.94895824016793,233884073812,105851.33984375,97973.5078125,996709,25285031453.028553,0.7277685794196551,153878565784.48218,8154754.86477986,3.496955899730838,4.1198327672556205,2.333343924096062,9.664924880683822,7.329221466745129
2025-06-10,110257.234375,110257.234375,110380.125,108367.7109375,110295.6875,54700101509,106796.41875,106010.43921142834,63.5351810859348,1370.7426269470889,1348.0926395927195,111788.48924576012,101804.34825423987,96.99554223533325,81.53303770569788,179183972303,105851.33984375,97973.5078125,699143,29463050960.751488,0.10372467608249203,94631621351.2638,-81488664.69483235,3.9909794639888876,1.2809061443794278,2.364637691771574,2.323267818504198,4.1124304463218095
2025-06-11,108686.625,108686.625,110384.21875,108086.328125,110261.796875,50842662052,106647.0859375,106265.31404843516,58.62177662071177,1428.8453033174883,1364.2431723376733,111206.62374782779,102087.54812717221,81.48264465743425,91.37043328768671,128341310251,105851.33984375,98557.00390625,716758,22340125857.64945,0.6826966827682175,32586086907.44793,45052268.41303682,3.2110565304111347,5.114084358053512,3.6015812360159436,7.8835713749697,1.6619554092677398
2025-06-12,105929.0546875,105929.0546875,108780.6953125,105785.6875,108685.9140625,54843867968,106579.148828125,106233.28934739371,51.143496140533856,1238.107086903212,1339.0159552507812,111138.96624931598,102019.33140693403,54.24614237839531,77.57477642372093,73497442283,105851.33984375,99527.3515625,847512,28936376345.38524,0.8330429574171876,221780039646.83768,-72623843.5089384,5.56702649153888,3.7928363936682747,4.353607995281456,8.633742997797995,1.0169250068421578
2025-06-13,106090.96875,106090.96875,106182.546875,102822.0234375,105924.59375,69550440846,106494.139453125,106219.7350047848,51.534443813652395,1087.4750523973926,1288.7077746801037,111023.69794141554,101964.58096483446,55.84536641714399,63.85805115099118,143047883129,105851.33984375,101833.44140625,736322,48407875863.14757,0.6060404591776698,49606187021.34281,-14469637.251336738,6.582058285541853,8.116214606638373,3.880255538270982,1.7146001516275478,4.652599804802215
2025-06-14,105472.40625,105472.40625,106203.7578125,104379.3671875,106108.0859375,38007870453,106315.990234375,106148.56083766243,49.8919255266052,907.7216059623897,1212.510540936561,110709.98019410891,101922.00027464109,49.73582902308053,53.27577927287328,105040012676,106034.51171875,101833.44140625,698755,1639766228.4025397,0.6142195185170383,455868017613.5568,-59923018.05655587,5.26237510566185,4.659295826669611,7.913168138196426,6.2441671779283885,9.980804909272912
2025-06-15,105552.0234375,105552.0234375,106157.1015625,104519.8828125,105464.84375,36744307742,106121.573046875,106091.74775193268,50.11232664696914,762.895956550783,1122.5876240594055,110283.34410969942,101959.80198405057,50.52220741530672,52.034467618510405,141784320418,106447.625,102415.48828125,904444,38300228407.864296,0.5739703507456908,286517473832.27637,-87291789.84076503,8.69321089163856,6.266422327055759,6.8597057566037645,6.3383933139119355,6.918890213716263
2025-06-16,106796.7578125,106796.7578125,108915.375,104997.625,105555.59375,50366626945,106011.67890625,106158.89156722481,53.55207694839864,740.0296462533588,1046.0760284981961,109975.55364224252,102047.80417025748,62.81643994595433,54.358158794780515,192150947363,106447.625,102415.48828125,359260,13766076736.940125,0.6871329757324189,451414091909.39636,-33116667.375338428,4.156294930475159,7.284957185086346,6.077387474099667,5.1487433317613585,8.579200957067052
2025-06-17,104601.1171875,104601.1171875,107750.1953125,103396.53125,106794.1171875,55964092176,105851.618359375,106010.53210248912,47.35017982458186,538.5302405074617,944.5668709000493,109771.62822613998,101931.60849261003,41.13011317644862,51.489586845903226,136186855187,106404.80859375,102415.48828125,971654,49789255795.68298,0.5999873429042373,30155741641.637222,-8759212.519511953,9.409522936039432,8.258525953616315,4.058533272601319,7.598667314856215,8.34135422647799
2025-06-18,104883.328125,104883.328125,105581.8515625,103602.265625,104602.0703125,47318089133,105813.696875,105903.17934272825,48.18086350363555,397.0357923816773,835.0606551963749,109755.70576710008,101871.68798289991,43.91750859028304,49.28802057089533,183504944320,106096.833984375,102415.48828125,187492,22225563734.35346,0.6154310428138379,392050188909.657,58869189.603090525,1.3697580252025567,8.938042872968538,2.675994023077945,6.593119704848528,2.767594629850533
2025-06-19,104684.2890625,104684.2890625,105250.890625,103940.7734375,104886.7734375,37333806920,105847.9828125,105787.0945541351,47.61031963575837,265.7759343927464,721.2037110356493,109737.82953405134,101958.13609094867,37.42306537332478,40.823562380018814,146171137400,106096.833984375,102474.90625,887551,35620122111.13246,0.7192392593461989,171305498840.47983,67355129.16669059,1.541225690350839,8.44200616891645,2.419144581187612,3.943989856245496,6.094731922781935
2025-06-20,103309.6015625,103309.6015625,106539.3828125,102372.2109375,104681.03125,50951862476,105781.558203125,105551.14284064605,43.75636948204563,50.24654782714788,587.012278393949,109795.18102641073,101767.93537983925,11.44665380039858,30.929075921335468,95219274924,105617.169921875,102474.90625,527817,32637155572.8548,0.5970094579831836,432027377335.97864,-82416064.028758,2.319578479141347,7.385163376265682,2.272092047683816,9.121496897334644,1.348436036487851
2025-06-21,102257.40625,102257.40625,104015.78125,100973.0625,103315.078125,38360555118,105611.8234375,105237.4536415369,41.01939168670527,-203.12392581060703,428.98503755303784,109910.02145508083,101313.62541991918,13.394822823899423,20.75484733254093,56858719806,105267.3828125,102685.015625,250377,11335934287.705132,0.6912740888533733,468389902345.2069,-4262565.122299701,1.8177857358711138,5.6721391792389975,1.6674777879020275,1.8844762982528502,4.101644641145618
2025-06-22,100987.140625,100987.140625,103351.6328125,98286.203125,102212.03125,65536997201,105367.10390625,104832.66192567624,37.93445202257388,-500.6504843494622,243.05793317253784,110110.30381399761,100623.9039985024,22.003172041231444,15.614882888509817,-8678277395,104012.30078125,102685.015625,535716,7234686565.370001,0.1734112157914568,238195482024.8818,71022412.46776447,9.941762918609637,9.536073520209067,3.3890573498103542,4.388697017760976,2.582221582243194
2025-06-23,105577.7734375,105577.7734375,106116.859375,99705.75,100987.4765625,65237759656,105374.369140625,104903.62492680231,51.98759873436198,-361.84559235740744,122.07722806654881,110118.39233281689,100630.34594843311,60.27079595956465,31.889596941565173,56559482261,104012.30078125,102685.015625,532237,36000365201.27385,0.7511094403601838,328072942412.8945,96153180.29960105,4.850781110358575,9.000090813771862,4.650371511519156,9.806591097274765,7.220534373206804
2025-06-24,106045.6328125,106045.6328125,106316.828125,104740.2421875,105571.515625,48822986421,105440.0515625,105012.38758258303,53.1518399975057,-211.6496089749271,55.33186065825363,110183.05553381347,100697.04759118652,64.13803658399557,48.80400152826388,105382468682,104012.30078125,102685.015625,128283,31846965326.4842,0.3168296788614695,197909753978.96057,-38458147.095397055,4.675592533819809,6.374236714751181,1.4459680739287264,8.132848846468184,3.755995619991192
2025-06-25,107361.2578125,107361.2578125,108168.3984375,105881.390625,106047.40625,51624120283,105729.316796875,105236.08950924179,56.35669686127691,13.387410586539772,46.94297064391086,110191.75385667685,101266.87973707316,85.37875569445526,69.9291960793385,157006588965,103825.556640625,102685.015625,672145,30400007360.85059,0.7414230584896652,257458891485.7552,-73170238.93595695,7.180047321031706,1.7472170279679846,8.8825008849839,4.451967659577741,9.026468430068666
2025-06-26,106960.0,106960.0,108305.546875,106666.3515625,107375.0703125,43891990613,105857.799609375,105400.27146074257,55.1182215244493,157.53673248697305,69.0617230125233,110306.58142527702,101409.01779347297,81.60369384374077,77.04016204073054,113114598352,103859.84375,102685.015625,755972,21181132492.411568,0.285985380615844,358058082513.0846,-49143510.95907674,1.0677337281503894,9.096557354757492,5.656163148801893,8.653959648747286,2.29899154622747
2025-06-27,107088.4296875,107088.4296875,107772.46875,106449.9921875,106954.921875,45353692675,105931.43984375,105561.04843471946,55.45563406593953,278.9240482780733,111.03418806563332,110410.40495620368,101452.47473129633,82.81196941789032,83.26480631869545,158468291027,103859.84375,103899.75390625,976452,40976526597.79952,0.7835109829103413,215489225775.55048,-787129.5452918261,3.332102721194728,2.2718986057286346,5.0484326492187455,7.629679192024326,9.36129853210408
2025-06-28,107327.703125,107327.703125,107567.8828125,106883.9765625,107090.546875,30037708335,106008.142578125,105729.30126236523,56.11753940052086,389.9367887323315,166.81470819897297,110527.4022715395,101488.8828847105,85.06307082366189,83.15957802843099,188505999362,103859.84375,104442.0234375,759115,15334483403.467695,0.21028274816513814,482807764890.57605,80434232.82731923,1.240805611287069,7.985456209492605,8.541342111697126,8.443982154362581,2.0988105526521244
2025-06-29,108385.5703125,108385.5703125,108526.3046875,107230.109375,107327.8203125,35534874438,105912.716015625,105982.27926713998,59.01706843434853,556.857124116912,244.82319138256076,110136.91143066972,101688.52060058029,95.0155600668561,87.63020010280276,224040873800,103915.033203125,105128.1875,722221,46208576659.69469,0.045156401778064126,477696720240.33295,45679014.37968823,6.960434527077131,9.631504059562632,6.6807430364553975,5.307538698124348,7.847601518489585
2025-06-30,107135.3359375,107135.3359375,108798.7890625,106759.6484375,108383.4375,42064804590,105756.62109375,106092.09418812665,54.43890936217999,581.5554182317137,312.1696367523914,109534.23361300447,101979.00857449553,84.17655622613073,88.08506237221623,181976069210,103983.154296875,105128.1875,734453,32780177470.312912,0.360600409747993,151460374745.9521,-16309804.379641995,5.690170946842472,3.2806657718054715,5.646720072490327,9.193375286266578,5.503642992106981
2025-07-01,105698.28125,105698.28125,107550.6796875,105270.2265625,107144.3828125,44110692247,105607.20390625,106054.58819401935,49.66945012744123,479.6416802221356,345.66404544634025,109137.74925949109,102076.6585530089,70.50670661877764,83.23294097058816,137865376963,104338.041015625,105128.1875,850520,29699265853.2341,0.6309049552331012,479312781722.09625,-15968979.948647559,8.126222662087287,1.3260958563693226,5.810492788276061,1.5683366071158016,8.78500489835467
2025-07-02,108859.3203125,108859.3203125,109763.65625,105157.3984375,105703.1015625,56248657737,105753.7171875,106321.70553863655,58.31975210859909,646.4913926907611,405.8295148952244,109558.11208864309,101949.32228635692,92.12076122070853,82.2680080218723,194114034700,105837.880859375,105128.1875,816053,38057075006.37237,0.7075692000629713,315277967584.44885,-43653420.45954732,8.18511583509275,3.954932075204837,7.975774464509979,5.954126081466685,5.778011300099218
2025-07-03,109647.9765625,109647.9765625,110541.4609375,108605.796875,108845.015625,50494742270,105931.567578125,106638.49325519498,60.15953494560696,832.7594278990291,491.21549749598535,110097.76500632433,101765.37014992567,92.70937920140143,85.11228234696254,244608776970,106136.62109375,105128.1875,641853,24744985877.131783,0.5796411282197702,282746075424.9967,4919471.821290404,3.845258513482202,5.943443716542431,9.833673538351983,6.394978628789498,7.865089151439959
2025-07-04,108034.3359375,108034.3359375,109751.984375,107296.3828125,109635.65625,42616442656,106059.6640625,106771.43065350974,54.82699109519751,840.4823181288812,561.0688616225646,110318.03550039575,101801.29262460425,79.54245403599093,88.12419815270032,201992334314,106136.62109375,105128.1875,636752,26554646707.886585,0.5165173808393122,157586808393.1176,74527102.42243287,9.362474645289959,2.651905594989634,7.426573503614779,1.0906908469181542,3.577139669508442
2025-07-05,108231.1796875,108231.1796875,108381.34375,107842.2734375,108015.8359375,30615537520,106193.621875,106910.45437103263,55.34696368992214,852.6575048545055,619.3865902689528,110547.18417983277,101840.05957016723,81.14865239600606,84.46682854446614,232607871834,106131.630859375,105128.1875,610498,7613335982.036528,0.890453189962669,137913074203.72113,96530342.09351256,6.498093227244161,4.987131294291304,8.997865628537784,4.829348247071084,1.9758436072025778
2025-07-06,109232.0703125,109232.0703125,109731.625,107847.015625,108231.1875,36746020463,106315.3875,107131.56065117237,57.99458799332114,932.3227009517286,681.9738124055079,110861.58112345937,101769.19387654062,87.91596940383036,82.86902527860912,269353892297,106131.630859375,105128.1875,355368,31114897249.380573,0.7025636743906049,300826458675.31866,75026156.92953497,6.756744735238069,4.6813102415906735,4.051462793888473,7.361608720316493,8.678117470879068
2025-07-07,108299.8515625,108299.8515625,109710.25,107527.0546875,109235.328125,45415696597,106500.32421875,107242.82645225119,54.73908008951184,909.7486642649164,727.5287827773897,111053.44897922181,101947.19945827819,61.35968196338054,76.80810125440566,223938195700,106131.630859375,105128.1875,432635,48717128012.97812,0.2071307590864211,455003533989.19855,-80517187.39318155,4.31155498039516,5.043516245161857,1.7230377353390107,2.1293112491106783,5.910694808329738
2025-07-08,108950.2734375,108950.2734375,109198.96875,107499.5546875,108298.2265625,44282204127,106703.671484375,107405.44045084632,56.57086490884203,933.5804527380533,768.7391167695224,111312.69085991713,102094.65210883286,70.44634047245923,73.24066394655671,268220399827,106131.630859375,105128.1875,277825,41866354515.0581,0.5374001543883846,16981162124.917118,47563248.66145617,4.83263190208298,7.522423682080897,3.352854845714756,5.393982760587082,1.346830313609777
2025-07-09,111326.5546875,111326.5546875,111925.375,108357.6796875,108950.2734375,57927418065,107035.784765625,107778.8799019562,62.53638302770186,1131.1738858410827,841.2260705838345,111961.27879430713,102110.29073694286,91.15215150392301,74.31939131325426,326147817892,106823.587890625,105128.1875,664655,21525834107.42146,0.683528078059366,297827259529.9268,9580401.190401018,9.659985549398154,1.7790938219399306,7.897400132312973,2.942257656611538,4.08449360920337
2025-07-10,115987.203125,115987.203125,116608.78125,110660.75,111329.1953125,95911605728,107669.66484375,108560.62497081752,70.96147616717312,1644.8823041030846,1001.9573172876845,113661.48973180112,101677.83995569887,94.57202562190565,85.39017253276263,422059423620,109165.291015625,107447.4921875,693814,9877181438.801819,0.11855048888810271,323285035854.73816,-52319663.38278387,5.061950011479115,2.7698121693110314,1.3117360071283537,7.197801716008902,5.3462736409978575
2025-07-11,117516.9921875,117516.9921875,118856.4765625,115245.6875,115986.234375,86928361085,108432.644140625,109413.61232478727,73.09987721675225,2150.649767224575,1231.6958072750626,115296.23492133868,101569.05335991131,90.22208383091471,91.98208698558113,508987784705,110823.884765625,108571.33984375,335254,38215985342.89641,0.8111567586607457,16615035112.649658,-2711836.535871193,2.186534490535709,5.18152102231341,2.4342427086013476,6.4930543473698865,7.06498921767199
2025-07-12,117435.2265625,117435.2265625,118219.8984375,116977.0234375,117530.7109375,45524560304,109255.0484375,110177.57558552183,72.79133244949784,2515.874883434022,1488.5316225068545,116292.49659910779,102217.6002758922,89.62521428791399,91.47310791357812,463463224401,110823.884765625,108571.33984375,276183,9029655896.16518,0.45073400618246184,12874016407.90328,-70744442.42958267,3.680556920281142,8.032378429009611,4.611857043339249,7.41514233377711,6.065006918100539
2025-07-13,119116.1171875,119116.1171875,119449.5703125,117265.4375,117432.203125,49021091807,109931.965625,111028.8652619007,75.11655938530821,2907.4371196843276,1772.3127219423493,117959.19890961962,101904.73234038037,97.66688276689928,92.50472696190933,512484316208,111171.224609375,108867.88671875,721991,31385768712.773006,0.9211128761560937,120600357773.16005,56402809.61566472,3.9315297126990463,6.9872359809509375,8.870696220120564,9.928789584635838,1.3410841088182779
2025-07-14,119849.703125,119849.703125,123091.609375,118959.1953125,119115.7890625,181746419401,110622.169140625,111868.94505838635,76.07742408463847,3239.603138886887,2065.770805331257,119520.62617045094,101723.71211079907,81.92334047314425,89.73847917598584,694230735609,112992.244140625,110688.90625,554927,2966294567.3869357,0.28796144542119706,60326969426.036224,20461732.93591027,6.411851068320407,8.804737792519756,9.636962125451353,1.9105431751140516,7.751038639879349
2025-07-15,117777.1875,117777.1875,119935.5625,115765.6875,119853.8515625,98321661181,111142.965625,112431.63481473051,68.07913104369676,3297.5997349699464,2312.1365912589954,120427.8873051074,101858.04394489259,70.36712742188354,83.31911688730902,595909074428,112992.244140625,110688.90625,242722,25327504286.946724,0.6996244330312851,125810488786.721,-50634069.23214824,8.070046026916007,6.757304491569924,2.6277861926945056,7.6361291930803095,5.8905214847535765
2025-07-16,118738.5078125,118738.5078125,120065.515625,117064.8203125,117777.1875,72162029070,111731.891015625,113032.28938594664,69.67186139985265,3382.1457000211376,2526.138413011424,121368.3556206173,102095.42641063272,72.44039808308385,74.91028865937055,668071103498,112992.244140625,110688.90625,618945,16714062495.96,0.7907198313136045,36190956315.313034,57858293.347590744,3.1650317133279406,4.423533315193464,8.059579798986281,5.1603846214418585,3.888113991906916
2025-07-17,119289.84375,119289.84375,120999.609375,117508.21875,118738.5078125,72363841798,112341.96171875,113628.24694442791,70.57856283173093,3453.8236596763745,2711.675462344414,122265.91699464044,102418.00644285955,75.93092058567932,72.9128153635489,740434945296,113206.775390625,110688.90625,750478,38012614969.07583,0.6498213777987544,30571198654.84398,-64907387.80486378,7.477594475826087,1.7993071194889119,6.191281882411808,9.347112209427975,1.8225085005584747
2025-07-18,118003.2265625,118003.2265625,120851.9140625,116925.984375,119284.109375,77945799785,112875.737890625,114044.91166995859,65.6462966468064,3367.985662572348,2842.937502390001,122811.86623059948,102939.60955065051,67.36554024159942,71.9122863034542,662489145511,114137.4296875,110688.90625,692379,30438230019.614212,0.8695934038916855,266600408822.42728,32343543.925838336,2.521401117291933,1.4515995868274807,9.506114596916575,4.4888271742951,8.144517186778698
2025-07-19,117939.9765625,117939.9765625,118541.3984375,117388.4140625,117998.125,47564562765,113353.458203125,114415.870231153,65.404318589485,3257.3064835014084,2925.811298612283,123298.84714925262,103408.06925699739,66.95988491734823,70.08544858154232,614924582746,116542.287109375,110688.90625,827943,3924761223.4671426,0.2699358946879056,344284069517.0929,98684949.52488297,5.561027093568219,2.599314822503874,8.691449841992055,3.2898323530833564,1.1802472472703116
2025-07-20,117300.7890625,117300.7890625,118865.03125,116550.1328125,117944.109375,57515447231,113861.730859375,114690.62440556701,62.881751018800635,3082.4824089187605,2957.1455206735786,123518.88738694634,104204.57433180367,62.860441240355286,65.72862213310098,557409135515,116776.576171875,110688.90625,233781,35813962152.776146,0.6420579757229501,48063978880.17088,19224523.2587495,7.373122437739969,7.413694327120052,5.486213966137543,9.94374497005596,8.35904261028424
2025-07-21,117439.5390625,117439.5390625,119671.5625,116584.3984375,117306.46875,69820091744,114448.79375,114952.42580146539,63.21342782765297,2921.4523515230103,2950.006886843465,123455.11715361626,105442.47034638374,63.75031754454267,64.52354790074872,627229227259,116776.576171875,110688.90625,392449,3807193393.370385,0.29720980392868934,311946585991.8288,88153401.70952275,5.301756695279891,1.0514057398934715,7.8251591442953785,3.7175101009482647,4.32412313122609
2025-07-22,119995.4140625,119995.4140625,120269.96875,116233.2265625,117426.5,79217583118,115005.5984375,115432.7103977544,68.75246945020996,2965.8837612383213,2953.1822617224366,123937.46790178023,106073.72897321977,78.98595026466866,68.53223634985554,706446810377,116776.576171875,110688.90625,201672,9307198689.962795,0.0357032434219704,106465167436.59799,-74597262.3439452,8.679027928163498,9.932297792521084,8.902248528758337,2.8295767133634726,6.035753027454041
2025-07-23,118754.9609375,118754.9609375,120113.3515625,117391.390625,119997.4453125,66608604537,115460.94765625,115749.11521106352,63.736456460765716,2867.941923992621,2936.1341941764736,124179.87200980773,106742.02330269228,65.11384847437388,69.28337209452839,639838205840,116253.576171875,110688.90625,842635,41919255802.17129,0.6243445934447103,240895287801.43658,-17033663.747355595,9.074693407804771,1.2256190414224348,7.267168516756695,3.2215360321782214,9.767698722994561
2025-07-24,118368.0,118368.0,119535.453125,117247.96875,118770.984375,72627318560,115977.630859375,115998.53281000984,62.21165411354854,2727.655088697633,2894.438373080706,124077.69716127284,107877.56455747716,39.79535546930232,61.29838473611495,567210887280,116370.4609375,110688.90625,171674,19183820156.959045,0.35860464130230374,292793598144.72363,48606249.480661064,5.454748983813106,9.318322456626785,3.665546742532663,4.0109507572830845,3.4773748548740544
2025-07-25,117635.8828125,117635.8828125,118486.9765625,114759.8203125,118368.0,104857024569,116447.866015625,116154.4709054851,59.32013588788607,2528.2568513446167,2821.2020687334884,123746.84186452371,109148.89016672628,34.519146829396824,46.476116924357676,462353862711,116002.109375,110688.90625,414411,21879702202.26057,0.6424840646681202,358692656137.1762,61861963.09009522,6.132436934040498,8.587911046274343,7.730694717668956,8.58946437438408,3.183590094759146
2025-07-26,117947.3671875,117947.3671875,118335.6875,117181.2265625,117644.84375,48508954046,116883.630859375,116325.22293234366,60.16838315234267,2368.068873631055,2730.575429713002,123406.79295100326,110360.46876774674,38.2576521211587,37.524051473285944,510862816757,115965.185546875,110688.90625,133024,25427788162.115902,0.29505982016811816,394495686870.2066,80776435.24803439,1.1976356532703696,9.803468052164689,8.68534528199313,6.0246466022539265,9.811756166418121
2025-07-27,119448.4921875,119448.4921875,119815.59375,117859.6875,117944.7265625,54683390892,117441.062890625,116622.67714712046,64.05802963235197,2335.3267956659547,2651.525702903593,122721.9881049044,112160.1376763456,56.274490866588714,43.01709660571475,565546207649,115819.69921875,110688.90625,355117,38290804450.25874,0.7024243163258314,318037210969.6936,98442929.64769775,8.245586176984514,1.5197573127426822,5.6237946613603516,7.418361804890461,5.927229252982089
2025-07-28,117924.4765625,117924.4765625,119819.7890625,117441.4375,119457.5234375,64822943193,117889.773046875,116746.65804382328,57.87848343027984,2161.4868636914034,2553.517935061155,121455.00018545892,114324.54590829107,50.71735948606035,48.41650082460259,500723264456,116354.4453125,110688.90625,837514,35107732667.32385,0.29681120661751403,235401806082.04517,-69422767.60066266,9.519052575527366,3.8798279160515796,4.178677792497568,7.316332773254403,7.9062055451887305
2025-07-29,117922.1484375,117922.1484375,119273.8671875,116987.3671875,117938.5859375,68463107433,118219.552734375,116858.60950988773,57.86929941092251,2000.469438484084,2442.908235745741,120132.89237154371,116306.21309720629,50.68004852928472,52.55729962731126,432260157023,116354.4453125,110688.90625,605647,22355798842.8981,0.9142988856888818,428711572415.94086,-99832918.37625192,5.538373369807749,6.80768336860506,6.795008592715788,5.665345397535071,4.604014745320546
2025-07-30,117831.1875,117831.1875,118780.7265625,115800.828125,117921.9921875,68896148592,118311.751953125,116951.23598513652,57.48549738958342,1844.2626694358041,2323.179122483754,119942.81122205647,116680.69268419353,49.222291919423355,50.20656664492281,363364008431,116405.23828125,110688.90625,726063,41420906204.60888,0.465793247020885,269899988047.5887,-88256701.65607011,3.2431721079763216,4.088319491510783,4.3321063008122875,3.8199795124618783,1.2756808490764806
2025-08-01,113814.0625,113814.0625,116025.828125,113814.0625,115758.2890625,90317201408,118126.60546875,116652.45755798067,43.700889637690466,1380.4067943189439,2134.624656850792,120664.86292661373,115588.34801088627,0.0,33.300780149569356,273046807023,116129.64453125,110688.90625,719155,4010976072.9846425,0.4001514677092658,391932333974.43,-4204696.874692649,8.566619672850749,5.179922260743224,2.436352025905303,3.2697493815795267,3.60055542535813
